{"Version":1,"ManifestType":"Publish","Endpoints":[{"Route":"uploads.5ipweew5fc.bkp","AssetFile":"uploads.bkp","Selectors":[],"ResponseHeaders":[{"Name":"Accept-Ranges","Value":"bytes"},{"Name":"Cache-Control","Value":"max-age=31536000, immutable"},{"Name":"Content-Length","Value":"0"},{"Name":"Content-Type","Value":"application/octet-stream"},{"Name":"ETag","Value":"\"47DEQpj8HBSa+/TImW+5JCeuQeRkm5NMpJWZG3hSuFU=\""},{"Name":"Last-Modified","Value":"Sat, 08 Nov 2025 14:36:01 GMT"}],"EndpointProperties":[{"Name":"fingerprint","Value":"5ipweew5fc"},{"Name":"integrity","Value":"sha256-47DEQpj8HBSa+/TImW+5JCeuQeRkm5NMpJWZG3hSuFU="},{"Name":"label","Value":"uploads.bkp"}]},{"Route":"uploads.bkp","AssetFile":"uploads.bkp","Selectors":[],"ResponseHeaders":[{"Name":"Accept-Ranges","Value":"bytes"},{"Name":"Cache-Control","Value":"no-cache"},{"Name":"Content-Length","Value":"0"},{"Name":"Content-Type","Value":"application/octet-stream"},{"Name":"ETag","Value":"\"47DEQpj8HBSa+/TImW+5JCeuQeRkm5NMpJWZG3hSuFU=\""},{"Name":"Last-Modified","Value":"Sat, 08 Nov 2025 14:36:01 GMT"}],"EndpointProperties":[{"Name":"integrity","Value":"sha256-47DEQpj8HBSa+/TImW+5JCeuQeRkm5NMpJWZG3hSuFU="}]},{"Route":"uploads/API_REST_com_Node,_Express_e_MySQL_-_Par_038ba78f-8242-421a-854a-1e632835f719.5zlt3bmhk7.pdf","AssetFile":"uploads/API_REST_com_Node,_Express_e_MySQL_-_Par_038ba78f-8242-421a-854a-1e632835f719.pdf","Selectors":[],"ResponseHeaders":[{"Name":"Accept-Ranges","Value":"bytes"},{"Name":"Cache-Control","Value":"max-age=31536000, immutable"},{"Name":"Content-Length","Value":"174869"},{"Name":"Content-Type","Value":"application/pdf"},{"Name":"ETag","Value":"\"gaPEPHpvk3RHlXVwXyoOcigIHgMdUsLkRsLCg0Urf80=\""},{"Name":"Last-Modified","Value":"Sat, 08 Nov 2025 14:36:02 GMT"}],"EndpointProperties":[{"Name":"fingerprint","Value":"5zlt3bmhk7"},{"Name":"integrity","Value":"sha256-gaPEPHpvk3RHlXVwXyoOcigIHgMdUsLkRsLCg0Urf80="},{"Name":"label","Value":"uploads/API_REST_com_Node,_Express_e_MySQL_-_Par_038ba78f-8242-421a-854a-1e632835f719.pdf"}]},{"Route":"uploads/API_REST_com_Node,_Express_e_MySQL_-_Par_038ba78f-8242-421a-854a-1e632835f719.pdf","AssetFile":"uploads/API_REST_com_Node,_Express_e_MySQL_-_Par_038ba78f-8242-421a-854a-1e632835f719.pdf","Selectors":[],"ResponseHeaders":[{"Name":"Accept-Ranges","Value":"bytes"},{"Name":"Cache-Control","Value":"no-cache"},{"Name":"Content-Length","Value":"174869"},{"Name":"Content-Type","Value":"application/pdf"},{"Name":"ETag","Value":"\"gaPEPHpvk3RHlXVwXyoOcigIHgMdUsLkRsLCg0Urf80=\""},{"Name":"Last-Modified","Value":"Sat, 08 Nov 2025 14:36:02 GMT"}],"EndpointProperties":[{"Name":"integrity","Value":"sha256-gaPEPHpvk3RHlXVwXyoOcigIHgMdUsLkRsLCg0Urf80="}]},{"Route":"uploads/Curriculo_André_Luis_de_Sousa_Rodrigues_79a99827-97db-4334-b6da-bc5dca6dea5f.pdf","AssetFile":"uploads/Curriculo_André_Luis_de_Sousa_Rodrigues_79a99827-97db-4334-b6da-bc5dca6dea5f.pdf","Selectors":[],"ResponseHeaders":[{"Name":"Accept-Ranges","Value":"bytes"},{"Name":"Cache-Control","Value":"no-cache"},{"Name":"Content-Length","Value":"195877"},{"Name":"Content-Type","Value":"application/pdf"},{"Name":"ETag","Value":"\"KreIfWYHwQjAVC7L5uu4f7Bn0ZEVEqc77CXvzvNt8Ng=\""},{"Name":"Last-Modified","Value":"Sat, 08 Nov 2025 14:36:02 GMT"}],"EndpointProperties":[{"Name":"integrity","Value":"sha256-KreIfWYHwQjAVC7L5uu4f7Bn0ZEVEqc77CXvzvNt8Ng="}]},{"Route":"uploads/Curriculo_André_Luis_de_Sousa_Rodrigues_79a99827-97db-4334-b6da-bc5dca6dea5f.uew3i4a8se.pdf","AssetFile":"uploads/Curriculo_André_Luis_de_Sousa_Rodrigues_79a99827-97db-4334-b6da-bc5dca6dea5f.pdf","Selectors":[],"ResponseHeaders":[{"Name":"Accept-Ranges","Value":"bytes"},{"Name":"Cache-Control","Value":"max-age=31536000, immutable"},{"Name":"Content-Length","Value":"195877"},{"Name":"Content-Type","Value":"application/pdf"},{"Name":"ETag","Value":"\"KreIfWYHwQjAVC7L5uu4f7Bn0ZEVEqc77CXvzvNt8Ng=\""},{"Name":"Last-Modified","Value":"Sat, 08 Nov 2025 14:36:02 GMT"}],"EndpointProperties":[{"Name":"fingerprint","Value":"uew3i4a8se"},{"Name":"integrity","Value":"sha256-KreIfWYHwQjAVC7L5uu4f7Bn0ZEVEqc77CXvzvNt8Ng="},{"Name":"label","Value":"uploads/Curriculo_André_Luis_de_Sousa_Rodrigues_79a99827-97db-4334-b6da-bc5dca6dea5f.pdf"}]},{"Route":"uploads/Curriculo_André_Luis_de_Sousa_Rodrigues_8688a33e-cee7-4bd1-b7ed-1f0ccad6acc5.pdf","AssetFile":"uploads/Curriculo_André_Luis_de_Sousa_Rodrigues_8688a33e-cee7-4bd1-b7ed-1f0ccad6acc5.pdf","Selectors":[],"ResponseHeaders":[{"Name":"Accept-Ranges","Value":"bytes"},{"Name":"Cache-Control","Value":"no-cache"},{"Name":"Content-Length","Value":"195877"},{"Name":"Content-Type","Value":"application/pdf"},{"Name":"ETag","Value":"\"KreIfWYHwQjAVC7L5uu4f7Bn0ZEVEqc77CXvzvNt8Ng=\""},{"Name":"Last-Modified","Value":"Sat, 08 Nov 2025 14:36:02 GMT"}],"EndpointProperties":[{"Name":"integrity","Value":"sha256-KreIfWYHwQjAVC7L5uu4f7Bn0ZEVEqc77CXvzvNt8Ng="}]},{"Route":"uploads/Curriculo_André_Luis_de_Sousa_Rodrigues_8688a33e-cee7-4bd1-b7ed-1f0ccad6acc5.uew3i4a8se.pdf","AssetFile":"uploads/Curriculo_André_Luis_de_Sousa_Rodrigues_8688a33e-cee7-4bd1-b7ed-1f0ccad6acc5.pdf","Selectors":[],"ResponseHeaders":[{"Name":"Accept-Ranges","Value":"bytes"},{"Name":"Cache-Control","Value":"max-age=31536000, immutable"},{"Name":"Content-Length","Value":"195877"},{"Name":"Content-Type","Value":"application/pdf"},{"Name":"ETag","Value":"\"KreIfWYHwQjAVC7L5uu4f7Bn0ZEVEqc77CXvzvNt8Ng=\""},{"Name":"Last-Modified","Value":"Sat, 08 Nov 2025 14:36:02 GMT"}],"EndpointProperties":[{"Name":"fingerprint","Value":"uew3i4a8se"},{"Name":"integrity","Value":"sha256-KreIfWYHwQjAVC7L5uu4f7Bn0ZEVEqc77CXvzvNt8Ng="},{"Name":"label","Value":"uploads/Curriculo_André_Luis_de_Sousa_Rodrigues_8688a33e-cee7-4bd1-b7ed-1f0ccad6acc5.pdf"}]},{"Route":"uploads/Curriculo_André_Luis_de_Sousa_Rodrigues_ad320479-be2a-4634-a9c5-1f920714c1ee.pdf","AssetFile":"uploads/Curriculo_André_Luis_de_Sousa_Rodrigues_ad320479-be2a-4634-a9c5-1f920714c1ee.pdf","Selectors":[],"ResponseHeaders":[{"Name":"Accept-Ranges","Value":"bytes"},{"Name":"Cache-Control","Value":"no-cache"},{"Name":"Content-Length","Value":"195877"},{"Name":"Content-Type","Value":"application/pdf"},{"Name":"ETag","Value":"\"KreIfWYHwQjAVC7L5uu4f7Bn0ZEVEqc77CXvzvNt8Ng=\""},{"Name":"Last-Modified","Value":"Sat, 08 Nov 2025 14:36:02 GMT"}],"EndpointProperties":[{"Name":"integrity","Value":"sha256-KreIfWYHwQjAVC7L5uu4f7Bn0ZEVEqc77CXvzvNt8Ng="}]},{"Route":"uploads/Curriculo_André_Luis_de_Sousa_Rodrigues_ad320479-be2a-4634-a9c5-1f920714c1ee.uew3i4a8se.pdf","AssetFile":"uploads/Curriculo_André_Luis_de_Sousa_Rodrigues_ad320479-be2a-4634-a9c5-1f920714c1ee.pdf","Selectors":[],"ResponseHeaders":[{"Name":"Accept-Ranges","Value":"bytes"},{"Name":"Cache-Control","Value":"max-age=31536000, immutable"},{"Name":"Content-Length","Value":"195877"},{"Name":"Content-Type","Value":"application/pdf"},{"Name":"ETag","Value":"\"KreIfWYHwQjAVC7L5uu4f7Bn0ZEVEqc77CXvzvNt8Ng=\""},{"Name":"Last-Modified","Value":"Sat, 08 Nov 2025 14:36:02 GMT"}],"EndpointProperties":[{"Name":"fingerprint","Value":"uew3i4a8se"},{"Name":"integrity","Value":"sha256-KreIfWYHwQjAVC7L5uu4f7Bn0ZEVEqc77CXvzvNt8Ng="},{"Name":"label","Value":"uploads/Curriculo_André_Luis_de_Sousa_Rodrigues_ad320479-be2a-4634-a9c5-1f920714c1ee.pdf"}]},{"Route":"uploads/Curriculo_André_Luis_de_Sousa_Rodrigues__336f2e28-ac0e-4a81-8a8c-fa3d6c484223.pdf","AssetFile":"uploads/Curriculo_André_Luis_de_Sousa_Rodrigues__336f2e28-ac0e-4a81-8a8c-fa3d6c484223.pdf","Selectors":[],"ResponseHeaders":[{"Name":"Accept-Ranges","Value":"bytes"},{"Name":"Cache-Control","Value":"no-cache"},{"Name":"Content-Length","Value":"195877"},{"Name":"Content-Type","Value":"application/pdf"},{"Name":"ETag","Value":"\"KreIfWYHwQjAVC7L5uu4f7Bn0ZEVEqc77CXvzvNt8Ng=\""},{"Name":"Last-Modified","Value":"Sat, 08 Nov 2025 14:36:02 GMT"}],"EndpointProperties":[{"Name":"integrity","Value":"sha256-KreIfWYHwQjAVC7L5uu4f7Bn0ZEVEqc77CXvzvNt8Ng="}]},{"Route":"uploads/Curriculo_André_Luis_de_Sousa_Rodrigues__336f2e28-ac0e-4a81-8a8c-fa3d6c484223.uew3i4a8se.pdf","AssetFile":"uploads/Curriculo_André_Luis_de_Sousa_Rodrigues__336f2e28-ac0e-4a81-8a8c-fa3d6c484223.pdf","Selectors":[],"ResponseHeaders":[{"Name":"Accept-Ranges","Value":"bytes"},{"Name":"Cache-Control","Value":"max-age=31536000, immutable"},{"Name":"Content-Length","Value":"195877"},{"Name":"Content-Type","Value":"application/pdf"},{"Name":"ETag","Value":"\"KreIfWYHwQjAVC7L5uu4f7Bn0ZEVEqc77CXvzvNt8Ng=\""},{"Name":"Last-Modified","Value":"Sat, 08 Nov 2025 14:36:02 GMT"}],"EndpointProperties":[{"Name":"fingerprint","Value":"uew3i4a8se"},{"Name":"integrity","Value":"sha256-KreIfWYHwQjAVC7L5uu4f7Bn0ZEVEqc77CXvzvNt8Ng="},{"Name":"label","Value":"uploads/Curriculo_André_Luis_de_Sousa_Rodrigues__336f2e28-ac0e-4a81-8a8c-fa3d6c484223.pdf"}]},{"Route":"uploads/Curriculo_André_Luis_de_Sousa_Rodrigues__37afd815-b9fe-44a8-b65c-5da74da47abe.pdf","AssetFile":"uploads/Curriculo_André_Luis_de_Sousa_Rodrigues__37afd815-b9fe-44a8-b65c-5da74da47abe.pdf","Selectors":[],"ResponseHeaders":[{"Name":"Accept-Ranges","Value":"bytes"},{"Name":"Cache-Control","Value":"no-cache"},{"Name":"Content-Length","Value":"195877"},{"Name":"Content-Type","Value":"application/pdf"},{"Name":"ETag","Value":"\"KreIfWYHwQjAVC7L5uu4f7Bn0ZEVEqc77CXvzvNt8Ng=\""},{"Name":"Last-Modified","Value":"Sat, 08 Nov 2025 14:36:02 GMT"}],"EndpointProperties":[{"Name":"integrity","Value":"sha256-KreIfWYHwQjAVC7L5uu4f7Bn0ZEVEqc77CXvzvNt8Ng="}]},{"Route":"uploads/Curriculo_André_Luis_de_Sousa_Rodrigues__37afd815-b9fe-44a8-b65c-5da74da47abe.uew3i4a8se.pdf","AssetFile":"uploads/Curriculo_André_Luis_de_Sousa_Rodrigues__37afd815-b9fe-44a8-b65c-5da74da47abe.pdf","Selectors":[],"ResponseHeaders":[{"Name":"Accept-Ranges","Value":"bytes"},{"Name":"Cache-Control","Value":"max-age=31536000, immutable"},{"Name":"Content-Length","Value":"195877"},{"Name":"Content-Type","Value":"application/pdf"},{"Name":"ETag","Value":"\"KreIfWYHwQjAVC7L5uu4f7Bn0ZEVEqc77CXvzvNt8Ng=\""},{"Name":"Last-Modified","Value":"Sat, 08 Nov 2025 14:36:02 GMT"}],"EndpointProperties":[{"Name":"fingerprint","Value":"uew3i4a8se"},{"Name":"integrity","Value":"sha256-KreIfWYHwQjAVC7L5uu4f7Bn0ZEVEqc77CXvzvNt8Ng="},{"Name":"label","Value":"uploads/Curriculo_André_Luis_de_Sousa_Rodrigues__37afd815-b9fe-44a8-b65c-5da74da47abe.pdf"}]},{"Route":"uploads/Curriculo_André_Luis_de_Sousa_Rodrigues__3baf1426-008a-4e6d-9fcb-674f4827b91f.pdf","AssetFile":"uploads/Curriculo_André_Luis_de_Sousa_Rodrigues__3baf1426-008a-4e6d-9fcb-674f4827b91f.pdf","Selectors":[],"ResponseHeaders":[{"Name":"Accept-Ranges","Value":"bytes"},{"Name":"Cache-Control","Value":"no-cache"},{"Name":"Content-Length","Value":"195877"},{"Name":"Content-Type","Value":"application/pdf"},{"Name":"ETag","Value":"\"KreIfWYHwQjAVC7L5uu4f7Bn0ZEVEqc77CXvzvNt8Ng=\""},{"Name":"Last-Modified","Value":"Sat, 08 Nov 2025 14:36:02 GMT"}],"EndpointProperties":[{"Name":"integrity","Value":"sha256-KreIfWYHwQjAVC7L5uu4f7Bn0ZEVEqc77CXvzvNt8Ng="}]},{"Route":"uploads/Curriculo_André_Luis_de_Sousa_Rodrigues__3baf1426-008a-4e6d-9fcb-674f4827b91f.uew3i4a8se.pdf","AssetFile":"uploads/Curriculo_André_Luis_de_Sousa_Rodrigues__3baf1426-008a-4e6d-9fcb-674f4827b91f.pdf","Selectors":[],"ResponseHeaders":[{"Name":"Accept-Ranges","Value":"bytes"},{"Name":"Cache-Control","Value":"max-age=31536000, immutable"},{"Name":"Content-Length","Value":"195877"},{"Name":"Content-Type","Value":"application/pdf"},{"Name":"ETag","Value":"\"KreIfWYHwQjAVC7L5uu4f7Bn0ZEVEqc77CXvzvNt8Ng=\""},{"Name":"Last-Modified","Value":"Sat, 08 Nov 2025 14:36:02 GMT"}],"EndpointProperties":[{"Name":"fingerprint","Value":"uew3i4a8se"},{"Name":"integrity","Value":"sha256-KreIfWYHwQjAVC7L5uu4f7Bn0ZEVEqc77CXvzvNt8Ng="},{"Name":"label","Value":"uploads/Curriculo_André_Luis_de_Sousa_Rodrigues__3baf1426-008a-4e6d-9fcb-674f4827b91f.pdf"}]},{"Route":"uploads/Curriculo_André_Luis_de_Sousa_Rodrigues__8787f181-06d1-45fc-bd04-c6eda3acd6cd.pdf","AssetFile":"uploads/Curriculo_André_Luis_de_Sousa_Rodrigues__8787f181-06d1-45fc-bd04-c6eda3acd6cd.pdf","Selectors":[],"ResponseHeaders":[{"Name":"Accept-Ranges","Value":"bytes"},{"Name":"Cache-Control","Value":"no-cache"},{"Name":"Content-Length","Value":"195877"},{"Name":"Content-Type","Value":"application/pdf"},{"Name":"ETag","Value":"\"KreIfWYHwQjAVC7L5uu4f7Bn0ZEVEqc77CXvzvNt8Ng=\""},{"Name":"Last-Modified","Value":"Sat, 08 Nov 2025 14:36:02 GMT"}],"EndpointProperties":[{"Name":"integrity","Value":"sha256-KreIfWYHwQjAVC7L5uu4f7Bn0ZEVEqc77CXvzvNt8Ng="}]},{"Route":"uploads/Curriculo_André_Luis_de_Sousa_Rodrigues__8787f181-06d1-45fc-bd04-c6eda3acd6cd.uew3i4a8se.pdf","AssetFile":"uploads/Curriculo_André_Luis_de_Sousa_Rodrigues__8787f181-06d1-45fc-bd04-c6eda3acd6cd.pdf","Selectors":[],"ResponseHeaders":[{"Name":"Accept-Ranges","Value":"bytes"},{"Name":"Cache-Control","Value":"max-age=31536000, immutable"},{"Name":"Content-Length","Value":"195877"},{"Name":"Content-Type","Value":"application/pdf"},{"Name":"ETag","Value":"\"KreIfWYHwQjAVC7L5uu4f7Bn0ZEVEqc77CXvzvNt8Ng=\""},{"Name":"Last-Modified","Value":"Sat, 08 Nov 2025 14:36:02 GMT"}],"EndpointProperties":[{"Name":"fingerprint","Value":"uew3i4a8se"},{"Name":"integrity","Value":"sha256-KreIfWYHwQjAVC7L5uu4f7Bn0ZEVEqc77CXvzvNt8Ng="},{"Name":"label","Value":"uploads/Curriculo_André_Luis_de_Sousa_Rodrigues__8787f181-06d1-45fc-bd04-c6eda3acd6cd.pdf"}]},{"Route":"uploads/Curriculo_André_Luis_de_Sousa_Rodrigues__e4395430-7ad3-4629-9c17-3f3a1250980d.pdf","AssetFile":"uploads/Curriculo_André_Luis_de_Sousa_Rodrigues__e4395430-7ad3-4629-9c17-3f3a1250980d.pdf","Selectors":[],"ResponseHeaders":[{"Name":"Accept-Ranges","Value":"bytes"},{"Name":"Cache-Control","Value":"no-cache"},{"Name":"Content-Length","Value":"195877"},{"Name":"Content-Type","Value":"application/pdf"},{"Name":"ETag","Value":"\"KreIfWYHwQjAVC7L5uu4f7Bn0ZEVEqc77CXvzvNt8Ng=\""},{"Name":"Last-Modified","Value":"Sat, 08 Nov 2025 14:36:02 GMT"}],"EndpointProperties":[{"Name":"integrity","Value":"sha256-KreIfWYHwQjAVC7L5uu4f7Bn0ZEVEqc77CXvzvNt8Ng="}]},{"Route":"uploads/Curriculo_André_Luis_de_Sousa_Rodrigues__e4395430-7ad3-4629-9c17-3f3a1250980d.uew3i4a8se.pdf","AssetFile":"uploads/Curriculo_André_Luis_de_Sousa_Rodrigues__e4395430-7ad3-4629-9c17-3f3a1250980d.pdf","Selectors":[],"ResponseHeaders":[{"Name":"Accept-Ranges","Value":"bytes"},{"Name":"Cache-Control","Value":"max-age=31536000, immutable"},{"Name":"Content-Length","Value":"195877"},{"Name":"Content-Type","Value":"application/pdf"},{"Name":"ETag","Value":"\"KreIfWYHwQjAVC7L5uu4f7Bn0ZEVEqc77CXvzvNt8Ng=\""},{"Name":"Last-Modified","Value":"Sat, 08 Nov 2025 14:36:02 GMT"}],"EndpointProperties":[{"Name":"fingerprint","Value":"uew3i4a8se"},{"Name":"integrity","Value":"sha256-KreIfWYHwQjAVC7L5uu4f7Bn0ZEVEqc77CXvzvNt8Ng="},{"Name":"label","Value":"uploads/Curriculo_André_Luis_de_Sousa_Rodrigues__e4395430-7ad3-4629-9c17-3f3a1250980d.pdf"}]},{"Route":"uploads/Ebook_-_Aula_3_–_Flexbox_c1be3fad-c5e8-4a98-a527-f78940f2f8ea.306zgn6pim.pdf","AssetFile":"uploads/Ebook_-_Aula_3_–_Flexbox_c1be3fad-c5e8-4a98-a527-f78940f2f8ea.pdf","Selectors":[],"ResponseHeaders":[{"Name":"Accept-Ranges","Value":"bytes"},{"Name":"Cache-Control","Value":"max-age=31536000, immutable"},{"Name":"Content-Length","Value":"255013"},{"Name":"Content-Type","Value":"application/pdf"},{"Name":"ETag","Value":"\"3YrfE/bUxR3tqAlFlB3Q38hlFmKZHd8mjIeBjQ8xT88=\""},{"Name":"Last-Modified","Value":"Sat, 08 Nov 2025 14:36:02 GMT"}],"EndpointProperties":[{"Name":"fingerprint","Value":"306zgn6pim"},{"Name":"integrity","Value":"sha256-3YrfE/bUxR3tqAlFlB3Q38hlFmKZHd8mjIeBjQ8xT88="},{"Name":"label","Value":"uploads/Ebook_-_Aula_3_–_Flexbox_c1be3fad-c5e8-4a98-a527-f78940f2f8ea.pdf"}]},{"Route":"uploads/Ebook_-_Aula_3_–_Flexbox_c1be3fad-c5e8-4a98-a527-f78940f2f8ea.pdf","AssetFile":"uploads/Ebook_-_Aula_3_–_Flexbox_c1be3fad-c5e8-4a98-a527-f78940f2f8ea.pdf","Selectors":[],"ResponseHeaders":[{"Name":"Accept-Ranges","Value":"bytes"},{"Name":"Cache-Control","Value":"no-cache"},{"Name":"Content-Length","Value":"255013"},{"Name":"Content-Type","Value":"application/pdf"},{"Name":"ETag","Value":"\"3YrfE/bUxR3tqAlFlB3Q38hlFmKZHd8mjIeBjQ8xT88=\""},{"Name":"Last-Modified","Value":"Sat, 08 Nov 2025 14:36:02 GMT"}],"EndpointProperties":[{"Name":"integrity","Value":"sha256-3YrfE/bUxR3tqAlFlB3Q38hlFmKZHd8mjIeBjQ8xT88="}]},{"Route":"uploads/Ebook_—_CSS_Base,_Flex_e_Grid_450d2069-a195-4178-9738-bf58ce976a44.pdf","AssetFile":"uploads/Ebook_—_CSS_Base,_Flex_e_Grid_450d2069-a195-4178-9738-bf58ce976a44.pdf","Selectors":[],"ResponseHeaders":[{"Name":"Accept-Ranges","Value":"bytes"},{"Name":"Cache-Control","Value":"no-cache"},{"Name":"Content-Length","Value":"248442"},{"Name":"Content-Type","Value":"application/pdf"},{"Name":"ETag","Value":"\"xoranEVyHo61kLgylPjxPU2FrfUgE8PInnQmgiW81ZU=\""},{"Name":"Last-Modified","Value":"Sat, 08 Nov 2025 14:36:02 GMT"}],"EndpointProperties":[{"Name":"integrity","Value":"sha256-xoranEVyHo61kLgylPjxPU2FrfUgE8PInnQmgiW81ZU="}]},{"Route":"uploads/Ebook_—_CSS_Base,_Flex_e_Grid_450d2069-a195-4178-9738-bf58ce976a44.uv4ywedxm9.pdf","AssetFile":"uploads/Ebook_—_CSS_Base,_Flex_e_Grid_450d2069-a195-4178-9738-bf58ce976a44.pdf","Selectors":[],"ResponseHeaders":[{"Name":"Accept-Ranges","Value":"bytes"},{"Name":"Cache-Control","Value":"max-age=31536000, immutable"},{"Name":"Content-Length","Value":"248442"},{"Name":"Content-Type","Value":"application/pdf"},{"Name":"ETag","Value":"\"xoranEVyHo61kLgylPjxPU2FrfUgE8PInnQmgiW81ZU=\""},{"Name":"Last-Modified","Value":"Sat, 08 Nov 2025 14:36:02 GMT"}],"EndpointProperties":[{"Name":"fingerprint","Value":"uv4ywedxm9"},{"Name":"integrity","Value":"sha256-xoranEVyHo61kLgylPjxPU2FrfUgE8PInnQmgiW81ZU="},{"Name":"label","Value":"uploads/Ebook_—_CSS_Base,_Flex_e_Grid_450d2069-a195-4178-9738-bf58ce976a44.pdf"}]}]}